Category1,Category2,KNOW직업명
조직·경영형,경영·행정·사무직,속기사
조직·경영형,경영·행정·사무직,행정사
조직·경영형,경영·행정·사무직,취업알선원
사람·서비스형,음식 서비스직,한식조리사
사람·서비스형,음식 서비스직,중식조리사
사람·서비스형,음식 서비스직,양식조리사
사람·서비스형,음식 서비스직,일식조리사
사람·서비스형,음식 서비스직,바텐터
사람·서비스형,음식 서비스직,음료조리사
사람·서비스형,음식 서비스직,패스트푸드준비원
사람·서비스형,음식 서비스직,홀서빙원
사람·서비스형,음식 서비스직,주방보조원
사람·서비스형,음식 서비스직,음식배달원
사람·서비스형,경호·경비직,경호원
사람·서비스형,경호·경비직,청원경찰
사람·서비스형,경호·경비직,시설·특수경비원
사람·서비스형,경호·경비직,경비원
사람·서비스형,돌봄 서비스직(간병·육아),요양간호사 및 간병인
사람·서비스형,돌봄 서비스직(간병·육아),육아도우미
사람·서비스형,청소 및 기타 개인서비스직,청소원
사람·서비스형,청소 및 기타 개인서비스직,환경미화원 및 재활용품수거원
사람·서비스형,청소 및 기타 개인서비스직,방역원
사람·서비스형,청소 및 기타 개인서비스직,세탁원(다림질원)
사람·서비스형,청소 및 기타 개인서비스직,가사도우미
사람·서비스형,청소 및 기타 개인서비스직,계기검침원 및 가스점검원
사람·서비스형,청소 및 기타 개인서비스직,주차관리·안내원
사람·서비스형,청소 및 기타 개인서비스직,검표원
조직·경영형,영업·판매직,부동산중개인
조직·경영형,영업·판매직,기술영업원
조직·경영형,영업·판매직,해외영업원
조직·경영형,영업·판매직,자동차영업원
조직·경영형,영업·판매직,제품광고영업원
조직·경영형,영업·판매직,상품중개인 및 경매사
조직·경영형,영업·판매직,텔레마케터
조직·경영형,영업·판매직,소규모판매점장
조직·경영형,영업·판매직,상점판매원
조직·경영형,영업·판매직,통신기기·서비스판매원
조직·경영형,영업·판매직,온라인판매원
조직·경영형,영업·판매직,상품대여원
조직·경영형,영업·판매직,노점 및 이동판매원
조직·경영형,영업·판매직,방문판매원
조직·경영형,영업·판매직,주유원
조직·경영형,영업·판매직,계산원 
조직·경영형,영업·판매직,매표원 및 복권판매원
조직·경영형,영업·판매직,홍보도우미 및 판촉원
기술·현장형,운전·운송직,항공기조종사
기술·현장형,운전·운송직,헬리콥터조종사
기술·현장형,운전·운송직,선장 및 항해사
기술·현장형,운전·운송직,선박기관사
기술·현장형,운전·운송직,철도·전동차기관사
기술·현장형,운전·운송직,항공교통관제사
기술·현장형,운전·운송직,선박교통관제사
기술·현장형,운전·운송직,철도교통관제사
기술·현장형,운전·운송직,신호원 및 수송원
기술·현장형,운전·운송직,택시운전원
기술·현장형,운전·운송직,버스운전원
기술·현장형,운전·운송직,화물차·특수차운전원
기술·현장형,운전·운송직,크레인·호이스트운전원
기술·현장형,운전·운송직,지게차운전원
기술·현장형,운전·운송직,택배원
기술·현장형,운전·운송직,우편물집배원
기술·현장형,운전·운송직,선박갑판원
기술·현장형,운전·운송직,하역·적재종사원
기술·현장형,건설·채굴직,강구조물가공원 및 건립원
기술·현장형,건설·채굴직,경량철골공
기술·현장형,건설·채굴직,철근공
기술·현장형,건설·채굴직,콘크리트공
기술·현장형,건설·채굴직,건축석공
기술·현장형,건설·채굴직,건축목공
기술·현장형,건설·채굴직,전통건축기능원
기술·현장형,건설·채굴직,조적원
기술·현장형,건설·채굴직,미장공
기술·현장형,건설·채굴직,방수공
기술·현장형,건설·채굴직,단열공
기술·현장형,건설·채굴직,타일·대리석시공원
기술·현장형,건설·채굴직,도배공
기술·현장형,건설·채굴직,유리부착원
기술·현장형,건설·채굴직,건물도장공
기술·현장형,건설·채굴직,섀시조립·설치원
기술·현장형,건설·채굴직,배관공
기술·현장형,건설·채굴직,공업배관공
기술·현장형,건설·채굴직,건설·채굴기계운전원
기술·현장형,건설·채굴직,광원·채석원 및 석재절단원
기술·현장형,건설·채굴직,철로설치·보수원
기술·현장형,건설·채굴직,점화·발파·화약관리원
기술·현장형,건설·채굴직,잠수기능원
기술·현장형,건설·채굴직,건설·채굴단순종사원
기술·현장형,기계 설치·정비·생산직,공업기계설치·정비원
기술·현장형,기계 설치·정비·생산직,승강기설치·정비원
기술·현장형,기계 설치·정비·생산직,물품이동장비설치·정비원
기술·현장형,기계 설치·정비·생산직,냉동·냉장·공조기설치·정비원
기술·현장형,기계 설치·정비·생산직,보일러설치·정비원
기술·현장형,기계 설치·정비·생산직,건설·광업기계설치·정비원
기술·현장형,기계 설치·정비·생산직,농업용 및 기타 기계장비설치·정비원
기술·현장형,기계 설치·정비·생산직,항공기정비원
기술·현장형,기계 설치·정비·생산직,헬리콥터정비원
기술·현장형,기계 설치·정비·생산직,선박정비원
기술·현장형,기계 설치·정비·생산직,철도기관차·전동차정비원
기술·현장형,기계 설치·정비·생산직,자동차정비원
기술·현장형,기계 설치·정비·생산직,오토바이정비원
기술·현장형,기계 설치·정비·생산직,자전거판매 및 수리원
기술·현장형,기계 설치·정비·생산직,금형원
기술·현장형,기계 설치·정비·생산직,금속공작기계조작원
기술·현장형,기계 설치·정비·생산직,냉·난방설비조작원
기술·현장형,기계 설치·정비·생산직,자동조립라인·산업용 로봇조작원
기술·현장형,기계 설치·정비·생산직,일반기계조립원
기술·현장형,기계 설치·정비·생산직,자동차조립원
기술·현장형,기계 설치·정비·생산직,자동차부품조립·검사원
기술·현장형,기계 설치·정비·생산직,선박조립원
기술·현장형,금속·재료 설치·정비·생산직(판금·단조·주조·용접·도장 등),금속가공제어장치조작원
기술·현장형,금속·재료 설치·정비·생산직(판금·단조·주조·용접·도장 등),금속가공기계조작원
기술·현장형,금속·재료 설치·정비·생산직(판금·단조·주조·용접·도장 등),판금원 및 판금기조작원
기술·현장형,금속·재료 설치·정비·생산직(판금·단조·주조·용접·도장 등),제관원 및 제관기조작원
기술·현장형,금속·재료 설치·정비·생산직(판금·단조·주조·용접·도장 등),단조원 및 단조기조작원
기술·현장형,금속·재료 설치·정비·생산직(판금·단조·주조·용접·도장 등),주조원 및 주조기조작원
기술·현장형,금속·재료 설치·정비·생산직(판금·단조·주조·용접·도장 등),용접원 및 용접기조작원
기술·현장형,금속·재료 설치·정비·생산직(판금·단조·주조·용접·도장 등),도장원(도장기조작원)
기술·현장형,금속·재료 설치·정비·생산직(판금·단조·주조·용접·도장 등),도금·금속분무기조작원
기술·현장형,금속·재료 설치·정비·생산직(판금·단조·주조·용접·도장 등),유리·유리제품생산기계조작원
기술·현장형,금속·재료 설치·정비·생산직(판금·단조·주조·용접·도장 등),점토제품생산기계조작원
기술·현장형,금속·재료 설치·정비·생산직(판금·단조·주조·용접·도장 등),시멘트·광물제품생산기계조작원
기술·현장형,금속·재료 설치·정비·생산직(판금·단조·주조·용접·도장 등),광석·석제품생산기계조작원
기술·현장형,전기·전자 설치·정비·생산직,산업전기공
기술·현장형,전기·전자 설치·정비·생산직,내선전기공
기술·현장형,전기·전자 설치·정비·생산직,외선전기공
기술·현장형,전기·전자 설치·정비·생산직,사무용 전자기기설치·수리원
기술·현장형,전기·전자 설치·정비·생산직,가전제품설치·수리원
기술·현장형,전기·전자 설치·정비·생산직,발전·배전장치조작원
기술·현장형,전기·전자 설치·정비·생산직,전기·전자설비조작원
기술·현장형,전기·전자 설치·정비·생산직,전기부품·제품생산기계조작원
기술·현장형,전기·전자 설치·정비·생산직,전자부품·제품생산기계조작원
기술·현장형,전기·전자 설치·정비·생산직,전기·전자부품·제품조립원
기술·현장형,정보통신 설치·정비직,컴퓨터설치·수리원
기술·현장형,정보통신 설치·정비직,이동전화기수리원
기술·현장형,정보통신 설치·정비직,방송장비설치·수리원
기술·현장형,정보통신 설치·정비직,통신장비설치·수리원
기술·현장형,정보통신 설치·정비직,방송·통신·인터넷케이블 설치·수리원
기술·현장형,화학·환경 설치·정비·생산직,석유·천연가스제조제어장치조작원
기술·현장형,화학·환경 설치·정비·생산직,화학물가공장치조작원
기술·현장형,화학·환경 설치·정비·생산직,타이어·고무제품생산기계조작원
기술·현장형,화학·환경 설치·정비·생산직,플라스틱제품생산기계조작원
기술·현장형,화학·환경 설치·정비·생산직,화학제품생산기계조작원(고무·플라스틱 제외)
기술·현장형,화학·환경 설치·정비·생산직,고무·플라스틱 제품 조립원
기술·현장형,화학·환경 설치·정비·생산직,상·하수도처리장치조작원
기술·현장형,화학·환경 설치·정비·생산직,재활용 처리장치·소각로조작원
기술·현장형,섬유·의복 생산직,섬유제조기계조작원
기술·현장형,섬유·의복 생산직,직조기·편직기조작원
기술·현장형,섬유·의복 생산직,표백·염색기조작원
기술·현장형,섬유·의복 생산직,패턴사
기술·현장형,섬유·의복 생산직,재단사
기술·현장형,섬유·의복 생산직,재봉사
기술·현장형,섬유·의복 생산직,한복제조원
기술·현장형,섬유·의복 생산직,양장·양복제조원
기술·현장형,섬유·의복 생산직,의복·가죽·모피수선원
기술·현장형,섬유·의복 생산직,제화원
기술·현장형,섬유·의복 생산직,신발제조기계조작원 및 조립원
기술·현장형,섬유·의복 생산직,세탁기계조작원
기술·현장형,식품 가공·생산직,제과·제빵원
기술·현장형,식품 가공·생산직,떡제조원
기술·현장형,식품 가공·생산직,정육원 및 도축원
기술·현장형,식품 가공·생산직,김치·밑반찬 제조종사원
기술·현장형,식품 가공·생산직,식품·담배등급원
기술·현장형,식품 가공·생산직,육류·어패류·낙농품가공기계조작원
기술·현장형,식품 가공·생산직,제분·도정기계조작원
기술·현장형,식품 가공·생산직,곡물가공제품기계조작원
기술·현장형,식품 가공·생산직,과실·채소기계조작원
기술·현장형,식품 가공·생산직,음료제조기계조작원
기술·현장형,인쇄·목재·공예 및 기타 설치·정비·생산직,인쇄기계조작원
기술·현장형,인쇄·목재·공예 및 기타 설치·정비·생산직,사진인화·현상기조작원(사진수정 포함)
기술·현장형,인쇄·목재·공예 및 기타 설치·정비·생산직,목재가공기계조작원
기술·현장형,인쇄·목재·공예 및 기타 설치·정비·생산직,펄프·종이제조장치조작원
기술·현장형,인쇄·목재·공예 및 기타 설치·정비·생산직,종이제품생산기계조작원
기술·현장형,인쇄·목재·공예 및 기타 설치·정비·생산직,가구제조·수리원
기술·현장형,인쇄·목재·공예 및 기타 설치·정비·생산직,가구조립원
기술·현장형,인쇄·목재·공예 및 기타 설치·정비·생산직,공예원
기술·현장형,인쇄·목재·공예 및 기타 설치·정비·생산직,귀금속·보석세공원
기술·현장형,인쇄·목재·공예 및 기타 설치·정비·생산직,악기제조원 및 조율사
기술·현장형,인쇄·목재·공예 및 기타 설치·정비·생산직,간판제작·설치원
기술·현장형,인쇄·목재·공예 및 기타 설치·정비·생산직,포장원
기술·현장형,농림어업직,곡식작물재배원
기술·현장형,농림어업직,채소·특용작물재배원
기술·현장형,농림어업직,과수작물재배원
기술·현장형,농림어업직,원예작물재배원
기술·현장형,농림어업직,조경원
기술·현장형,농림어업직,낙농종사원
기술·현장형,농림어업직,가축사육종사원
기술·현장형,농림어업직,조림·산림경영인 및 벌목원
기술·현장형,농림어업직,양식원
기술·현장형,농림어업직,어부 및 해녀
조직·경영형,금융·보험직,투자분석가
조직·경영형,금융·보험직,신용분석가
조직·경영형,금융·보험직,자산운용가
조직·경영형,금융·보험직,보험상품개발자
조직·경영형,금융·보험직,금융상품개발자
조직·경영형,금융·보험직,증권딜러
조직·경영형,금융·보험직,손해사정사
조직·경영형,금융·보험직,은행사무원
조직·경영형,금융·보험직,증권사무원
조직·경영형,금융·보험직,보험심사원
조직·경영형,금융·보험직,보험보상사무원
조직·경영형,금융·보험직,출납창구사무원
조직·경영형,금융·보험직,신용추심원
조직·경영형,금융·보험직,보험대리인 및 중개인
조직·경영형,금융·보험직,보험모집인
분석·연구형,인문·사회과학 연구직,철학연구원
분석·연구형,인문·사회과학 연구직,역사학연구원
분석·연구형,인문·사회과학 연구직,언어학연구원
분석·연구형,인문·사회과학 연구직,교육학연구원
분석·연구형,인문·사회과학 연구직,심리학연구원
분석·연구형,인문·사회과학 연구직,정치학연구원
분석·연구형,인문·사회과학 연구직,경제학연구원
분석·연구형,인문·사회과학 연구직,사회학연구원
분석·연구형,자연·생명과학 연구직,물리학연구원
분석·연구형,자연·생명과학 연구직,화학연구원
분석·연구형,자연·생명과학 연구직,수학·통계학연구원
분석·연구형,자연·생명과학 연구직,생물학연구원
분석·연구형,자연·생명과학 연구직,지질학연구원
분석·연구형,자연·생명과학 연구직,천문·기상학연구원
분석·연구형,자연·생명과학 연구직,자연과학시험원
분석·연구형,자연·생명과학 연구직,의학연구원
분석·연구형,자연·생명과학 연구직,약학연구원
분석·연구형,자연·생명과학 연구직,농학연구원
분석·연구형,자연·생명과학 연구직,수산학연구원
분석·연구형,자연·생명과학 연구직,임학·산림학연구원
분석·연구형,자연·생명과학 연구직,축산학·수의학연구원
분석·연구형,자연·생명과학 연구직,생명과학시험원
분석·연구형,자연·생명과학 연구직,농림어업시험원
분석·연구형,정보통신 연구개발직 및 공학기술직,컴퓨터하드웨어기술자 및 연구원
분석·연구형,정보통신 연구개발직 및 공학기술직,통신기기·장비기술자
분석·연구형,정보통신 연구개발직 및 공학기술직,통신기술개발자 
분석·연구형,정보통신 연구개발직 및 공학기술직,통신망운영기술자
분석·연구형,정보통신 연구개발직 및 공학기술직,컴퓨터시스템설계 및 분석가
분석·연구형,정보통신 연구개발직 및 공학기술직,정보통신컨설턴트 및 감리원
분석·연구형,정보통신 연구개발직 및 공학기술직,시스템소프트웨어개발자
분석·연구형,정보통신 연구개발직 및 공학기술직,응용소프트웨어개발자
분석·연구형,정보통신 연구개발직 및 공학기술직,가상현실전문가
분석·연구형,정보통신 연구개발직 및 공학기술직,게임프로그래머
분석·연구형,정보통신 연구개발직 및 공학기술직,모바일앱개발자
분석·연구형,정보통신 연구개발직 및 공학기술직,웹개발자
분석·연구형,정보통신 연구개발직 및 공학기술직,웹기획자
분석·연구형,정보통신 연구개발직 및 공학기술직,IT테스터 및 QA전문가(SW테스터)
분석·연구형,정보통신 연구개발직 및 공학기술직,데이터베이스개발자
분석·연구형,정보통신 연구개발직 및 공학기술직,빅데이터분석가
분석·연구형,정보통신 연구개발직 및 공학기술직,네트워크시스템개발자
분석·연구형,정보통신 연구개발직 및 공학기술직,정보시스템운영자
분석·연구형,정보통신 연구개발직 및 공학기술직,네트워크관리자
분석·연구형,정보통신 연구개발직 및 공학기술직,IT기술지원전문가
분석·연구형,정보통신 연구개발직 및 공학기술직,웹운영자
분석·연구형,정보통신 연구개발직 및 공학기술직,정보보안전문가
분석·연구형,정보통신 연구개발직 및 공학기술직,통신장비기사
분석·연구형,정보통신 연구개발직 및 공학기술직,방송송출장비기사
분석·연구형,건설·채굴 연구개발직 및 공학기술직,건축가(건축설계사)
분석·연구형,건설·채굴 연구개발직 및 공학기술직,건축구조기술자
분석·연구형,건설·채굴 연구개발직 및 공학기술직,건축설비기술자
분석·연구형,건설·채굴 연구개발직 및 공학기술직,건축감리기술자
분석·연구형,건설·채굴 연구개발직 및 공학기술직,건축안전·환경·품질·에너지관리기술자
분석·연구형,건설·채굴 연구개발직 및 공학기술직,건축시공기술자 및 견적원
분석·연구형,건설·채굴 연구개발직 및 공학기술직,토목구조설계기술자
분석·연구형,건설·채굴 연구개발직 및 공학기술직,토목감리기술자
사람·서비스형,교육직,컴퓨터강사
사람·서비스형,교육직,기술·기능계강사
사람·서비스형,교육직,예능강사
사람·서비스형,교육직,학습지·교육교구방문강사
사람·서비스형,교육직,교재·교구개발원
조직·경영형,법률직,판사
조직·경영형,법률직,검사
조직·경영형,법률직,변호사
조직·경영형,법률직,법무사 및 집행관
조직·경영형,법률직,변리사
조직·경영형,법률직,법률사무원
사람·서비스형,사회복지·종교직,사회복지사
사람·서비스형,사회복지·종교직,심리상담전문가
사람·서비스형,사회복지·종교직,청소년지도사
사람·서비스형,사회복지·종교직,직업상담사
사람·서비스형,사회복지·종교직,사회단체활동가
사람·서비스형,사회복지·종교직,보육교사
사람·서비스형,사회복지·종교직,생활지도원
조직·경영형,경찰·소방·교도직,경찰관
조직·경영형,경찰·소방·교도직,해양경찰관
조직·경영형,경찰·소방·교도직,소방관
조직·경영형,경찰·소방·교도직,교도관
조직·경영형,군인,위관급 장교
조직·경영형,군인,부사관
사람·서비스형,보건·의료직,내과의사
사람·서비스형,보건·의료직,외과의사
사람·서비스형,보건·의료직,성형외과의사
사람·서비스형,보건·의료직,산부인과의사
사람·서비스형,보건·의료직,이비인후과의사
사람·서비스형,보건·의료직,안과의사
사람·서비스형,보건·의료직,정신과의사
사람·서비스형,보건·의료직,소아과의사
사람·서비스형,보건·의료직,방사선과의사
사람·서비스형,보건·의료직,마취병리과의사
사람·서비스형,보건·의료직,비뇨기과의사
사람·서비스형,보건·의료직,피부과의사
사람·서비스형,보건·의료직,가정의학과의사
사람·서비스형,보건·의료직,일반의사
사람·서비스형,보건·의료직,한의사
사람·서비스형,보건·의료직,치과의사
사람·서비스형,보건·의료직,수의사
사람·서비스형,보건·의료직,약사
사람·서비스형,보건·의료직,한약사
사람·서비스형,보건·의료직,보건교사
사람·서비스형,보건·의료직,간호사
사람·서비스형,보건·의료직,영양사
사람·서비스형,보건·의료직,임상병리사
사람·서비스형,보건·의료직,방사선사
사람·서비스형,보건·의료직,치과기공사
사람·서비스형,보건·의료직,치과위생사
사람·서비스형,보건·의료직,물리치료사
사람·서비스형,보건·의료직,작업치료사
사람·서비스형,보건·의료직,임상심리사
사람·서비스형,보건·의료직,재활공학기사
사람·서비스형,보건·의료직,언어치료사
사람·서비스형,보건·의료직,청능치료사
사람·서비스형,보건·의료직,놀이치료사
사람·서비스형,보건·의료직,예술치료사
사람·서비스형,보건·의료직,응급구조사
사람·서비스형,보건·의료직,안경사
사람·서비스형,보건·의료직,보건의료정보관리사
사람·서비스형,보건·의료직,간호조무사
사람·서비스형,보건·의료직,안마사
창의·예술형,예술·디자인·방송직,소설가
창의·예술형,예술·디자인·방송직,영화시나리오작가
창의·예술형,예술·디자인·방송직,방송작가
창의·예술형,예술·디자인·방송직,번역가
창의·예술형,예술·디자인·방송직,통역가
창의·예술형,예술·디자인·방송직,출판물기획자
창의·예술형,예술·디자인·방송직,신문기자
창의·예술형,예술·디자인·방송직,방송기자
창의·예술형,예술·디자인·방송직,잡지기자
창의·예술형,예술·디자인·방송직,학예사
창의·예술형,예술·디자인·방송직,문화재보존원
창의·예술형,예술·디자인·방송직,사서
창의·예술형,예술·디자인·방송직,기록물관리사
창의·예술형,예술·디자인·방송직,화가
창의·예술형,예술·디자인·방송직,조각가
창의·예술형,예술·디자인·방송직,사진작가 및 사진사
창의·예술형,예술·디자인·방송직,만화가
창의·예술형,예술·디자인·방송직,만화영화작가(애니메이터)
창의·예술형,예술·디자인·방송직,국악인
창의·예술형,예술·디자인·방송직,지휘자
창의·예술형,예술·디자인·방송직,작곡가
창의·예술형,예술·디자인·방송직,연주가
창의·예술형,예술·디자인·방송직,가수
창의·예술형,예술·디자인·방송직,성악가
창의·예술형,예술·디자인·방송직,무용가
창의·예술형,예술·디자인·방송직,안무가
창의·예술형,예술·디자인·방송직,대중무용수
창의·예술형,예술·디자인·방송직,제품디자이너
창의·예술형,예술·디자인·방송직,의상디자이너
창의·예술형,예술·디자인·방송직,패션소품디자이너
창의·예술형,예술·디자인·방송직,실내장식디자이너
창의·예술형,예술·디자인·방송직,시각디자이너
창의·예술형,예술·디자인·방송직,웹디자이너
창의·예술형,예술·디자인·방송직,게임그래픽디자이너
창의·예술형,예술·디자인·방송직,영상그래픽디자이너
창의·예술형,예술·디자인·방송직,UX·UI디자이너
창의·예술형,예술·디자인·방송직,방송연출가
창의·예술형,예술·디자인·방송직,영화감독
창의·예술형,예술·디자인·방송직,연극연출가
창의·예술형,예술·디자인·방송직,광고영상감독
창의·예술형,예술·디자인·방송직,기술감독
창의·예술형,예술·디자인·방송직,영화배우 및 탤런트
창의·예술형,예술·디자인·방송직,모델
창의·예술형,예술·디자인·방송직,연극·뮤지컬배우
창의·예술형,예술·디자인·방송직,개그맨 및 코미디언
창의·예술형,예술·디자인·방송직,성우
창의·예술형,예술·디자인·방송직,아나운서
창의·예술형,예술·디자인·방송직,리포터
창의·예술형,예술·디자인·방송직,촬영기사
창의·예술형,예술·디자인·방송직,음향·녹음기사
창의·예술형,예술·디자인·방송직,영상·녹화·편집기사
창의·예술형,예술·디자인·방송직,조명기사
창의·예술형,예술·디자인·방송직,웹방송전문가(콘텐츠제작자)
창의·예술형,예술·디자인·방송직,연예인매니저
창의·예술형,스포츠·레크리에이션직,스포츠감독 및 코치
창의·예술형,스포츠·레크리에이션직,직업운동선수
창의·예술형,스포츠·레크리에이션직,프로게이머
창의·예술형,스포츠·레크리에이션직,경기심판
창의·예술형,스포츠·레크리에이션직,스포츠강사
창의·예술형,스포츠·레크리에이션직,스포츠트레이너
창의·예술형,스포츠·레크리에이션직,레크리에이션전문가
사람·서비스형,미용·예식 서비스직,이용사
사람·서비스형,미용·예식 서비스직,미용사
사람·서비스형,미용·예식 서비스직,피부 및 체형관리사
사람·서비스형,미용·예식 서비스직,네일아티스트
사람·서비스형,미용·예식 서비스직,메이크업아티스트 
사람·서비스형,미용·예식 서비스직,분장사
사람·서비스형,미용·예식 서비스직,반려동물미용사
사람·서비스형,미용·예식 서비스직,수의사보조원
사람·서비스형,미용·예식 서비스직,웨딩플래너
사람·서비스형,미용·예식 서비스직,혼례종사원
사람·서비스형,미용·예식 서비스직,장례지도사 및 장례상담원
사람·서비스형,여행·숙박·오락 서비스직,여행상품개발자
사람·서비스형,여행·숙박·오락 서비스직,여행사무원
사람·서비스형,여행·숙박·오락 서비스직,자연 및 문화해설사
사람·서비스형,여행·숙박·오락 서비스직,여행안내원
사람·서비스형,여행·숙박·오락 서비스직,항공기객실승무원
사람·서비스형,여행·숙박·오락 서비스직,선박객실승무원
사람·서비스형,여행·숙박·오락 서비스직,열차객실승무원
사람·서비스형,여행·숙박·오락 서비스직,숙박시설서비스원
사람·서비스형,여행·숙박·오락 서비스직,오락시설서비스원
사람·서비스형,음식 서비스직,주방장
분석·연구형,건설·채굴 연구개발직 및 공학기술직,토목안전·환경·품질기술자
분석·연구형,건설·채굴 연구개발직 및 공학기술직,토목시공기술자 및 견적원
분석·연구형,건설·채굴 연구개발직 및 공학기술직,조경기술자
분석·연구형,건설·채굴 연구개발직 및 공학기술직,도시계획·설계가
분석·연구형,건설·채굴 연구개발직 및 공학기술직,교통계획·설계가
분석·연구형,건설·채굴 연구개발직 및 공학기술직,교통영향평가원
분석·연구형,건설·채굴 연구개발직 및 공학기술직,지적 및 측량기술자
분석·연구형,건설·채굴 연구개발직 및 공학기술직,지리정보시스템전문가
분석·연구형,건설·채굴 연구개발직 및 공학기술직,건설자재시험원
분석·연구형,제조 연구개발직 및 공학기술직,건설기계공학기술자 및 연구원
분석·연구형,제조 연구개발직 및 공학기술직,플랜트기계공학기술자
분석·연구형,제조 연구개발직 및 공학기술직,항공공학기술자
분석·연구형,제조 연구개발직 및 공학기술직,자동차공학기술자
분석·연구형,제조 연구개발직 및 공학기술직,조선·해양공학기술자
분석·연구형,제조 연구개발직 및 공학기술직,로봇공학기술자
분석·연구형,제조 연구개발직 및 공학기술직,기계시험원
분석·연구형,제조 연구개발직 및 공학기술직,금속·재료공학기술자
분석·연구형,제조 연구개발직 및 공학기술직,금속·재료공학시험원
분석·연구형,제조 연구개발직 및 공학기술직,전기기기·제품개발기술자 및 연구원
분석·연구형,제조 연구개발직 및 공학기술직,전기계측제어기술자
분석·연구형,제조 연구개발직 및 공학기술직,발전설비기술자
분석·연구형,제조 연구개발직 및 공학기술직,송·배전설비기술자
분석·연구형,제조 연구개발직 및 공학기술직,전기감리기술자
분석·연구형,제조 연구개발직 및 공학기술직,전기안전기술자
분석·연구형,제조 연구개발직 및 공학기술직,전자제품 및 부품 개발기술자
분석·연구형,제조 연구개발직 및 공학기술직,반도체공학기술자 및 연구원
분석·연구형,제조 연구개발직 및 공학기술직,전자계측제어기술자
분석·연구형,제조 연구개발직 및 공학기술직,디스플레이연구 및 개발자
분석·연구형,제조 연구개발직 및 공학기술직,전기·전자공학시험원
분석·연구형,제조 연구개발직 및 공학기술직,석유화학공학기술자 및 연구원
분석·연구형,제조 연구개발직 및 공학기술직,고무·플라스틱 화학공학기술자 및 연구원
분석·연구형,제조 연구개발직 및 공학기술직,도료·농약품 화학공학기술자 및 연구원
분석·연구형,제조 연구개발직 및 공학기술직,비누·화장품 화학공학기술자 및 연구원
분석·연구형,제조 연구개발직 및 공학기술직,의약품공학기술자 및 연구원
분석·연구형,제조 연구개발직 및 공학기술직,화학공학시험원
분석·연구형,제조 연구개발직 및 공학기술직,태양광발전연구 및 개발자
분석·연구형,제조 연구개발직 및 공학기술직,풍력발전연구 및 개발자
분석·연구형,제조 연구개발직 및 공학기술직,원자력공학기술자
분석·연구형,제조 연구개발직 및 공학기술직,에너지시험원
분석·연구형,제조 연구개발직 및 공학기술직,대기환경기술자 및 연구원
분석·연구형,제조 연구개발직 및 공학기술직,수질환경기술자 및 연구원
분석·연구형,제조 연구개발직 및 공학기술직,폐기물처리기술자
분석·연구형,제조 연구개발직 및 공학기술직,환경영향평가원
분석·연구형,제조 연구개발직 및 공학기술직,소음진동기술자 및 연구원
분석·연구형,제조 연구개발직 및 공학기술직,토양환경기술자 및 연구원
분석·연구형,제조 연구개발직 및 공학기술직,환경시험원
분석·연구형,제조 연구개발직 및 공학기술직,보건위생·환경검사원
분석·연구형,제조 연구개발직 및 공학기술직,섬유공학기술자
분석·연구형,제조 연구개발직 및 공학기술직,섬유공학시험원
분석·연구형,제조 연구개발직 및 공학기술직,식품공학기술자 및 연구원
분석·연구형,제조 연구개발직 및 공학기술직,식품공학시험원
분석·연구형,제조 연구개발직 및 공학기술직,소방공학기술자 및 연구원
분석·연구형,제조 연구개발직 및 공학기술직,산업안전원
분석·연구형,제조 연구개발직 및 공학기술직,위험관리원
분석·연구형,제조 연구개발직 및 공학기술직,비파괴검사원
분석·연구형,제조 연구개발직 및 공학기술직,3D프린팅모델러
분석·연구형,제조 연구개발직 및 공학기술직,제도사(캐드원)
사람·서비스형,교육직,대학교수
사람·서비스형,교육직,대학시간강사
사람·서비스형,교육직,중·고등학교교사
사람·서비스형,교육직,초등학교교사
사람·서비스형,교육직,특수교육교사
사람·서비스형,교육직,보조교사
사람·서비스형,교육직,유치원교사
사람·서비스형,교육직,문리학원강사
사람·서비스형,교육직,외국어강사
조직·경영형,관리직(임원·부서장),고위공무원
조직·경영형,관리직(임원·부서장),기업고위임원
조직·경영형,관리직(임원·부서장),정부행정관리자
조직·경영형,관리직(임원·부서장),경영지원관리자
조직·경영형,관리직(임원·부서장),마케팅·광고·홍보관리자
조직·경영형,관리직(임원·부서장),금융관리자
조직·경영형,관리직(임원·부서장),보험관리자
조직·경영형,관리직(임원·부서장),연구관리자
조직·경영형,관리직(임원·부서장),유치원 원장 및 원감
조직·경영형,관리직(임원·부서장),초등학교 교장 및 교감
조직·경영형,관리직(임원·부서장),중고등학교 교장 및 교감
조직·경영형,관리직(임원·부서장),대학교 총장 및 대학학장
조직·경영형,관리직(임원·부서장),경찰·소방·교도관리자
조직·경영형,관리직(임원·부서장),보건·의료관리자
조직·경영형,관리직(임원·부서장),사회복지관리자
조직·경영형,관리직(임원·부서장),예술·디자인·방송관리자
조직·경영형,관리직(임원·부서장),정보통신관리자
조직·경영형,관리직(임원·부서장),여행·호텔관리자
조직·경영형,관리직(임원·부서장),음식서비스관리자
조직·경영형,관리직(임원·부서장),경비·청소관리자
조직·경영형,관리직(임원·부서장),영업·판매관리자
조직·경영형,관리직(임원·부서장),운송관리자
조직·경영형,관리직(임원·부서장),건설·채굴관리자
조직·경영형,관리직(임원·부서장),전기·가스·수도관리자
조직·경영형,관리직(임원·부서장),제조·생산관리자
조직·경영형,경영·행정·사무직,정부·공공행정전문가
조직·경영형,경영·행정·사무직,경영·진단전문가
조직·경영형,경영·행정·사무직,노무사
조직·경영형,경영·행정·사무직,인적자원전문가
조직·경영형,경영·행정·사무직,회계사
조직·경영형,경영·행정·사무직,세무사
조직·경영형,경영·행정·사무직,관세사
조직·경영형,경영·행정·사무직,감정평가사
조직·경영형,경영·행정·사무직,광고·홍보·마케팅전문가
조직·경영형,경영·행정·사무직,조사전문가
조직·경영형,경영·행정·사무직,상품기획자
조직·경영형,경영·행정·사무직,공연·영화·음반기획자
조직·경영형,경영·행정·사무직,행사기획자
조직·경영형,경영·행정·사무직,조세행정사무원
조직·경영형,경영·행정·사무직,관세행정사무원
조직·경영형,경영·행정·사무직,병무행정사무원
조직·경영형,경영·행정·사무직,공공행정사무원
조직·경영형,경영·행정·사무직,법원공무원
조직·경영형,경영·행정·사무직,경영기획사무원
조직·경영형,경영·행정·사무직,광고·홍보·마케팅사무원
조직·경영형,경영·행정·사무직,영업기획·관리·지원사무원
조직·경영형,경영·행정·사무직,인사·교육·훈련사무원
조직·경영형,경영·행정·사무직,총무사무원
조직·경영형,경영·행정·사무직,감사사무원
조직·경영형,경영·행정·사무직,회계사무원
조직·경영형,경영·행정·사무직,경리사무원
조직·경영형,경영·행정·사무직,무역사무원
조직·경영형,경영·행정·사무직,도로운송사무원
조직·경영형,경영·행정·사무직,철도·지하철운송사무원
조직·경영형,경영·행정·사무직,항공운송사무원
조직·경영형,경영·행정·사무직,수상운송사무원
조직·경영형,경영·행정·사무직,자재·구매사무원
조직·경영형,경영·행정·사무직,물류사무원
조직·경영형,경영·행정·사무직,생산·품질사무원
조직·경영형,경영·행정·사무직,품질관리사무원
조직·경영형,경영·행정·사무직,안내·접수원
조직·경영형,경영·행정·사무직,고객상담원
조직·경영형,경영·행정·사무직,의료코디네이터
조직·경영형,경영·행정·사무직,통계사무원
조직·경영형,경영·행정·사무직,비서
조직·경영형,경영·행정·사무직,사무보조원
조직·경영형,경영·행정·사무직,출판·자료편집사무원
